model_name,mae_train,mae_val,mape_train,mape_val,rmse_train,rmse_val,r2_train,r2_val
DecisionTree,1001.4098599924578,8267.096361087293,0.31274722159569923,1.4410625365223435,7426.739774517096,41631.42479310073,0.9924109108047099,0.6939446729290946
