model_name,mae_val,mape_val,rmse_val,r2_val
fine_tuned_lag_llama,1831221.037037037,0.05942680217601635,2206326.705658777,-1.201677235932796
