model_name,mae_val,mape_val,rmse_val,r2_val
fine_tuned_lag_llama,11029335.703703703,0.8576507568359375,15702155.519497635,0.3840566771730287
