model_name,mae_train,mae_val,mape_train,mape_val,rmse_train,rmse_val,r2_train,r2_val
stack,3946.0453951810277,7253.156264765546,174.1278083259666,278.6644127893572,28064.079410936607,31956.106577429666,0.8916335505026929,0.819671190308839
