model_name,mae_val,mape_val,rmse_val,r2_val
zero_shot_lag_llama,18049306.074074075,1.7071810121889468,21893673.63346689,-0.18970624653971124
